회계연도,부처명,회계명,분야명,분야코드,부문명,부문코드,프로그램명,단위사업명,세부사업명,예산구분,예산액
2023,보건복지부,사회복지 기금,사회복지,010,기초생활보장,011,기초생활보장 지원,생계급여,생계급여 지급,기금,1918174
2023,보건복지부,일반회계,사회복지,010,기초생활보장,011,기초생활보장 지원,생계급여,수급자 관리,예산,4366091
2023,보건복지부,일반회계,사회복지,010,기초생활보장,011,기초생활보장 지원,생계급여,급여 조정,예산,5274975
2023,보건복지부,사회복지 기금,사회복지,010,기초생활보장,011,기초생활보장 지원,의료급여,의료급여 1종,기금,1672425
2023,보건복지부,일반회계,사회복지,010,기초생활보장,011,기초생활보장 지원,의료급여,의료급여 2종,예산,1478806
2023,보건복지부,일반회계,사회복지,010,기초생활보장,011,기초생활보장 지원,의료급여,의료급여 사후관리,예산,3784313
2023,보건복지부,사회복지 기금,사회복지,010,기초생활보장,011,기초생활보장 지원,주거급여,임차급여,기금,1886141
2023,보건복지부,일반회계,사회복지,010,기초생활보장,011,기초생활보장 지원,주거급여,수선유지급여,예산,2737555
2023,고용노동부,사회복지 기금,사회복지,010,기초생활보장,011,자활 지원,자활사업,자활근로,기금,2904613
2023,고용노동부,일반회계,사회복지,010,기초생활보장,011,자활 지원,자활사업,자활기업 지원,예산,3945230
2023,고용노동부,일반회계,사회복지,010,기초생활보장,011,자활 지원,자활사업,취업지원 서비스,예산,3938781
2023,고용노동부,사회복지 기금,사회복지,010,기초생활보장,011,자활 지원,희망키움통장,희망키움통장 Ⅰ,기금,1634446
2023,고용노동부,일반회계,사회복지,010,기초생활보장,011,자활 지원,희망키움통장,희망키움통장 Ⅱ,예산,2989250
2023,여성가족부,사회복지 기금,사회복지,010,취약계층 지원,012,노인복지 지원,기초연금,기초연금 지급,기금,6046036
2023,여성가족부,일반회계,사회복지,010,취약계층 지원,012,노인복지 지원,기초연금,기초연금 관리운영,예산,2944484
2023,여성가족부,사회복지 기금,사회복지,010,취약계층 지원,012,노인복지 지원,노인장기요양,장기요양급여,기금,2289251
2023,여성가족부,일반회계,사회복지,010,취약계층 지원,012,노인복지 지원,노인장기요양,장기요양기관 지원,예산,1563829
2023,국토교통부,사회복지 기금,사회복지,010,취약계층 지원,012,장애인복지 지원,장애인연금,장애인연금 기초급여,기금,2408989
2023,국토교통부,일반회계,사회복지,010,취약계층 지원,012,장애인복지 지원,장애인연금,장애인연금 부가급여,예산,2214707
2023,국토교통부,사회복지 기금,사회복지,010,취약계층 지원,012,장애인복지 지원,장애인활동지원,활동지원급여,기금,1725301
2023,국토교통부,일반회계,사회복지,010,취약계층 지원,012,장애인복지 지원,장애인활동지원,긴급활동지원,예산,1357163
2023,보건복지부,사회복지 기금,사회복지,010,취약계층 지원,012,아동복지 지원,아동수당,아동수당 지급,기금,2393448
2023,보건복지부,일반회계,사회복지,010,취약계층 지원,012,아동복지 지원,아동수당,아동수당 운영,예산,1202760
2023,보건복지부,사회복지 기금,사회복지,010,취약계층 지원,012,아동복지 지원,아동보호 서비스,아동학대 예방,기금,671493
2023,보건복지부,일반회계,사회복지,010,취약계층 지원,012,아동복지 지원,아동보호 서비스,드림스타트,예산,542402
2023,보건복지부,일반회계,사회복지,010,취약계층 지원,012,아동복지 지원,아동보호 서비스,지역아동센터,예산,327337
2023,고용노동부,사회복지 기금,사회복지,010,보육·가족 및 여성,013,보육지원,어린이집 운영 지원,기본보육료,기금,3742616
2023,고용노동부,일반회계,사회복지,010,보육·가족 및 여성,013,보육지원,어린이집 운영 지원,누리과정 보육료,예산,2645964
2023,고용노동부,일반회계,사회복지,010,보육·가족 및 여성,013,보육지원,어린이집 운영 지원,방과후 보육료,예산,2601940
2023,고용노동부,사회복지 기금,사회복지,010,보육·가족 및 여성,013,보육지원,가정양육 지원,양육수당,기금,2876757
2023,고용노동부,일반회계,사회복지,010,보육·가족 및 여성,013,보육지원,가정양육 지원,아이돌봄서비스,예산,6113763
2023,여성가족부,사회복지 기금,사회복지,010,보육·가족 및 여성,013,가족 및 여성지원,다문화가족 지원,다문화가족지원센터,기금,1426434
2023,여성가족부,일반회계,사회복지,010,보육·가족 및 여성,013,가족 및 여성지원,다문화가족 지원,다문화가족 통합지원,예산,3368510
2023,여성가족부,사회복지 기금,사회복지,010,보육·가족 및 여성,013,가족 및 여성지원,여성 사회참여 지원,경력단절여성 지원,기금,2590540
2023,여성가족부,일반회계,사회복지,010,보육·가족 및 여성,013,가족 및 여성지원,여성 사회참여 지원,여성새로일하기센터,예산,3157819
2023,여성가족부,일반회계,사회복지,010,보육·가족 및 여성,013,가족 및 여성지원,여성 사회참여 지원,폭력피해여성 지원,예산,1444057
2023,국토교통부,사회복지 기금,사회복지,010,노동,014,고용보험 운영,실업급여,구직급여,기금,4152484
2023,국토교통부,일반회계,사회복지,010,노동,014,고용보험 운영,실업급여,취업촉진수당,예산,2893463
2023,국토교통부,일반회계,사회복지,010,노동,014,고용보험 운영,실업급여,연장급여,예산,5540781
2023,국토교통부,사회복지 기금,사회복지,010,노동,014,고용보험 운영,고용안정사업,고용유지지원금,기금,2611661
2023,국토교통부,일반회계,사회복지,010,노동,014,고용보험 운영,고용안정사업,채용장려금,예산,2782651
2023,보건복지부,사회복지 기금,사회복지,010,노동,014,직업능력개발,국민내일배움카드,훈련비 지원,기금,3673623
2023,보건복지부,일반회계,사회복지,010,노동,014,직업능력개발,국민내일배움카드,훈련장려금,예산,3518793
2023,보건복지부,사회복지 기금,사회복지,010,노동,014,직업능력개발,사업주 훈련 지원,사업주 직업훈련,기금,2733457
2023,보건복지부,일반회계,사회복지,010,노동,014,직업능력개발,사업주 훈련 지원,K-디지털 트레이닝,예산,2061487
2023,고용노동부,사회복지 기금,사회복지,010,주택,015,주거복지 지원,공공임대주택,영구임대주택,기금,2814798
2023,고용노동부,일반회계,사회복지,010,주택,015,주거복지 지원,공공임대주택,국민임대주택,예산,4563685
2023,고용노동부,일반회계,사회복지,010,주택,015,주거복지 지원,공공임대주택,행복주택,예산,5208245
2023,고용노동부,사회복지 기금,사회복지,010,주택,015,주거복지 지원,주거급여,임차가구 주거급여,기금,3586515
2023,고용노동부,일반회계,사회복지,010,주택,015,주거복지 지원,주거급여,자가가구 수선유지급여,예산,4804637
2023,여성가족부,사회복지 기금,사회복지,010,주택,015,주거환경 개선,도시재생 지원,도시재생 뉴딜,기금,1383168
2023,여성가족부,일반회계,사회복지,010,주택,015,주거환경 개선,도시재생 지원,주거환경 개선사업,예산,3112092
2023,여성가족부,사회복지 기금,사회복지,010,주택,015,주거환경 개선,노후 주거지 정비,재개발 지원,기금,2921143
2023,여성가족부,일반회계,사회복지,010,주택,015,주거환경 개선,노후 주거지 정비,재건축 지원,예산,1574117
2023,국토교통부,사회복지 기금,사회복지,010,사회복지 일반,016,국민연금 운영,국민연금 급여,노령연금,기금,7092716
2023,국토교통부,일반회계,사회복지,010,사회복지 일반,016,국민연금 운영,국민연금 급여,장애연금,예산,15806145
2023,국토교통부,일반회계,사회복지,010,사회복지 일반,016,국민연금 운영,국민연금 급여,유족연금,예산,10665747
2023,국토교통부,사회복지 기금,사회복지,010,사회복지 일반,016,국민연금 운영,국민연금 관리운영,공단 운영,기금,4341403
2023,국토교통부,일반회계,사회복지,010,사회복지 일반,016,국민연금 운영,국민연금 관리운영,IT 인프라,예산,4049749
2023,보건복지부,사회복지 기금,사회복지,010,사회복지 일반,016,사회서비스 확충,바우처 사회서비스,산모·신생아 건강관리,기금,2575420
2023,보건복지부,일반회계,사회복지,010,사회복지 일반,016,사회서비스 확충,바우처 사회서비스,가사간병 방문지원,예산,4404705
2023,보건복지부,일반회계,사회복지,010,사회복지 일반,016,사회서비스 확충,바우처 사회서비스,장애아동가족지원,예산,3808499
2023,보건복지부,사회복지 기금,사회복지,010,사회복지 일반,016,사회서비스 확충,지역사회 통합돌봄,커뮤니티케어 선도사업,기금,3388244
2023,보건복지부,일반회계,사회복지,010,사회복지 일반,016,사회서비스 확충,지역사회 통합돌봄,재가의료급여,예산,3804172
2023,교육부,교육 특별회계,교육,020,유아 및 초중등교육,021,초중등 교육 지원,지방교육재정교부금,보통교부금,기금,15881785
2023,교육부,일반회계,교육,020,유아 및 초중등교육,021,초중등 교육 지원,지방교육재정교부금,특별교부금,예산,11019719
2023,교육부,교육 특별회계,교육,020,유아 및 초중등교육,021,초중등 교육 지원,누리과정 지원,유치원 누리과정,기금,3415641
2023,교육부,일반회계,교육,020,유아 및 초중등교육,021,초중등 교육 지원,누리과정 지원,어린이집 누리과정,예산,3309735
2023,교육부,교육 특별회계,교육,020,유아 및 초중등교육,021,특수·대안교육 지원,특수교육 지원,특수학교 운영,기금,1566586
2023,교육부,일반회계,교육,020,유아 및 초중등교육,021,특수·대안교육 지원,특수교육 지원,특수학급 지원,예산,2886851
2023,교육부,일반회계,교육,020,유아 및 초중등교육,021,특수·대안교육 지원,특수교육 지원,보조인력 지원,예산,3392835
2023,교육부,교육 특별회계,교육,020,유아 및 초중등교육,021,특수·대안교육 지원,방과후 학교 지원,방과후 학교 운영,기금,1200058
2023,교육부,일반회계,교육,020,유아 및 초중등교육,021,특수·대안교육 지원,방과후 학교 지원,저소득층 방과후,예산,2162630
2023,교육부,교육 특별회계,교육,020,유아 및 초중등교육,021,학교급식 지원,학교급식 시설,급식시설 현대화,기금,2784180
2023,교육부,일반회계,교육,020,유아 및 초중등교육,021,학교급식 지원,학교급식 시설,급식기구 구입,예산,1699404
2023,교육부,교육 특별회계,교육,020,유아 및 초중등교육,021,학교급식 지원,무상급식 지원,초등 무상급식,기금,3200197
2023,교육부,일반회계,교육,020,유아 및 초중등교육,021,학교급식 지원,무상급식 지원,중학교 무상급식,예산,3525179
2023,교육부,교육 특별회계,교육,020,고등교육,022,대학 지원,국립대학 운영,국립대학 인건비,기금,1759242
2023,교육부,일반회계,교육,020,고등교육,022,대학 지원,국립대학 운영,국립대학 시설,예산,3111639
2023,교육부,일반회계,교육,020,고등교육,022,대학 지원,국립대학 운영,국립대학 연구,예산,2134719
2023,교육부,교육 특별회계,교육,020,고등교육,022,대학 지원,대학 혁신 지원,대학혁신지원사업,기금,2981363
2023,교육부,일반회계,교육,020,고등교육,022,대학 지원,대학 혁신 지원,BK21,예산,4024237
2023,교육부,교육 특별회계,교육,020,고등교육,022,학자금 지원,국가장학금,소득분위별 국가장학금,기금,6126039
2023,교육부,일반회계,교육,020,고등교육,022,학자금 지원,국가장학금,다자녀 국가장학금,예산,3681801
2023,교육부,교육 특별회계,교육,020,고등교육,022,학자금 지원,학자금 대출,취업후 상환 학자금,기금,1917115
2023,교육부,일반회계,교육,020,고등교육,022,학자금 지원,학자금 대출,일반 상환 학자금,예산,2286245
2023,교육부,교육 특별회계,교육,020,평생·직업교육,023,평생교육 진흥,평생교육바우처,성인 학습 지원,기금,1057251
2023,교육부,일반회계,교육,020,평생·직업교육,023,평생교육 진흥,평생교육바우처,문해교육 지원,예산,1744989
2023,교육부,교육 특별회계,교육,020,평생·직업교육,023,평생교육 진흥,지역평생교육,평생학습도시,기금,1352450
2023,교육부,일반회계,교육,020,평생·직업교육,023,평생교육 진흥,지역평생교육,평생교육이용권,예산,1449790
2023,교육부,교육 특별회계,교육,020,평생·직업교육,023,직업교육 지원,직업계고 지원,마이스터고 운영,기금,1032897
2023,교육부,일반회계,교육,020,평생·직업교육,023,직업교육 지원,직업계고 지원,직업계고 취업지원,예산,1208895
2023,교육부,교육 특별회계,교육,020,평생·직업교육,023,직업교육 지원,전문대학 지원,전문대학 혁신지원,기금,608042
2023,교육부,일반회계,교육,020,평생·직업교육,023,직업교육 지원,전문대학 지원,전문대학 특성화,예산,886486
2023,국방부,국방 특별회계,국방,050,병력운영,051,병력 유지,장교·부사관 인건비,현역 장교 인건비,기금,5523699
2023,국방부,일반회계,국방,050,병력운영,051,병력 유지,장교·부사관 인건비,현역 부사관 인건비,예산,5326224
2023,국방부,국방 특별회계,국방,050,병력운영,051,병력 유지,병 운영,병 봉급,기금,3920353
2023,국방부,일반회계,국방,050,병력운영,051,병력 유지,병 운영,병영생활 개선,예산,3312929
2023,국방부,국방 특별회계,국방,050,병력운영,051,부대 운영,부대 유지·운영,시설 유지,기금,1379666
2023,국방부,일반회계,국방,050,병력운영,051,부대 운영,부대 유지·운영,장비 운영유지,예산,1799074
2023,국방부,일반회계,국방,050,병력운영,051,부대 운영,부대 유지·운영,피복·급식,예산,1471227
2023,국방부,국방 특별회계,국방,050,병력운영,051,부대 운영,교육훈련,부대 전투훈련,기금,1012669
2023,국방부,일반회계,국방,050,병력운영,051,부대 운영,교육훈련,교육기관 운영,예산,2087309
2023,국방부,국방 특별회계,국방,050,전력유지,052,무기체계 유지,육군 무기체계,전차 운영유지,기금,1003828
2023,국방부,일반회계,국방,050,전력유지,052,무기체계 유지,육군 무기체계,자주포 운영유지,예산,1422896
2023,국방부,일반회계,국방,050,전력유지,052,무기체계 유지,육군 무기체계,소화기 정비,예산,1017696
2023,국방부,국방 특별회계,국방,050,전력유지,052,무기체계 유지,해군 무기체계,함정 운영유지,기금,923968
2023,국방부,일반회계,국방,050,전력유지,052,무기체계 유지,해군 무기체계,잠수함 운영유지,예산,1659347
2023,국방부,국방 특별회계,국방,050,전력유지,052,무기체계 유지,공군 무기체계,전투기 운영유지,기금,1118989
2023,국방부,일반회계,국방,050,전력유지,052,무기체계 유지,공군 무기체계,방공체계 운영유지,예산,1464326
2023,국방부,국방 특별회계,국방,050,전력유지,052,정보·감시·정찰,감시정찰 자산,정찰위성 운용,기금,822457
2023,국방부,일반회계,국방,050,전력유지,052,정보·감시·정찰,감시정찰 자산,무인기 운용,예산,1268048
2023,국방부,일반회계,국방,050,전력유지,052,정보·감시·정찰,감시정찰 자산,전자전 자산,예산,1353915
2023,국방부,국방 특별회계,국방,050,전력유지,052,정보·감시·정찰,사이버 작전,사이버방어,기금,1506812
2023,국방부,일반회계,국방,050,전력유지,052,정보·감시·정찰,사이버 작전,사이버 작전 역량,예산,789468
2023,국방부,국방 특별회계,국방,050,방위력개선,053,핵심전력 확보,F-35A 전투기,F-35A 구매,기금,1640585
2023,국방부,일반회계,국방,050,방위력개선,053,핵심전력 확보,F-35A 전투기,F-35A 부품 확보,예산,1459393
2023,국방부,국방 특별회계,국방,050,방위력개선,053,핵심전력 확보,차세대 전투기,KF-21 개발,기금,1461881
2023,국방부,일반회계,국방,050,방위력개선,053,핵심전력 확보,차세대 전투기,KF-21 양산,예산,1638097
2023,국방부,국방 특별회계,국방,050,방위력개선,053,핵심전력 확보,지상 핵심전력,K2 전차 양산,기금,956358
2023,국방부,일반회계,국방,050,방위력개선,053,핵심전력 확보,지상 핵심전력,자주포 개량,예산,2044040
2023,국방부,일반회계,국방,050,방위력개선,053,핵심전력 확보,지상 핵심전력,신형 장갑차,예산,1132906
2023,국방부,국방 특별회계,국방,050,방위력개선,053,방산 연구개발,무기체계 연구개발,미사일 개발,기금,1430295
2023,국방부,일반회계,국방,050,방위력개선,053,방산 연구개발,무기체계 연구개발,해상전력 개발,예산,1717761
2023,국방부,일반회계,국방,050,방위력개선,053,방산 연구개발,무기체계 연구개발,위성통신 개발,예산,1674132
2023,국방부,국방 특별회계,국방,050,방위력개선,053,방산 연구개발,국방과학기술,기초연구 지원,기금,1159110
2023,국방부,일반회계,국방,050,방위력개선,053,방산 연구개발,국방과학기술,ADD 운영,예산,907542
2023,인사혁신처,일반 특별회계,일반·지방행정,060,입법 및 선거관리,061,국회 운영,국회 의정활동,본회의 운영,기금,462735
2023,인사혁신처,일반회계,일반·지방행정,060,입법 및 선거관리,061,국회 운영,국회 의정활동,상임위원회 운영,예산,759601
2023,인사혁신처,일반회계,일반·지방행정,060,입법 및 선거관리,061,국회 운영,국회 의정활동,국회 예산,예산,899291
2023,인사혁신처,일반 특별회계,일반·지방행정,060,입법 및 선거관리,061,국회 운영,국회 인프라,국회 시설관리,기금,387179
2023,인사혁신처,일반회계,일반·지방행정,060,입법 및 선거관리,061,국회 운영,국회 인프라,입법조사 서비스,예산,522090
2023,법제처,일반 특별회계,일반·지방행정,060,입법 및 선거관리,061,선거 관리,선거 실시,대선 관리,기금,376137
2023,법제처,일반회계,일반·지방행정,060,입법 및 선거관리,061,선거 관리,선거 실시,총선 관리,예산,355750
2023,법제처,일반회계,일반·지방행정,060,입법 및 선거관리,061,선거 관리,선거 실시,지방선거 관리,예산,307277
2023,법제처,일반 특별회계,일반·지방행정,060,입법 및 선거관리,061,선거 관리,선관위 운영,선관위 인건비,기금,92337
2023,법제처,일반회계,일반·지방행정,060,입법 및 선거관리,061,선거 관리,선관위 운영,선관위 시설,예산,167454
2023,행정안전부,일반 특별회계,일반·지방행정,060,재정·금융,062,재정 운용,국채 이자,국고채 이자,기금,2594994
2023,행정안전부,일반회계,일반·지방행정,060,재정·금융,062,재정 운용,국채 이자,외화채권 이자,예산,2860617
2023,행정안전부,일반 특별회계,일반·지방행정,060,재정·금융,062,재정 운용,재정 투·융자,재정융자,기금,1277165
2023,행정안전부,일반회계,일반·지방행정,060,재정·금융,062,재정 운용,재정 투·융자,예산집행 관리,예산,1060954
2023,기획재정부,일반 특별회계,일반·지방행정,060,재정·금융,062,세정 운영,국세청 운영,조세행정,기금,1224065
2023,기획재정부,일반회계,일반·지방행정,060,재정·금융,062,세정 운영,국세청 운영,세무조사,예산,1092563
2023,기획재정부,일반회계,일반·지방행정,060,재정·금융,062,세정 운영,국세청 운영,IT 인프라 구축,예산,1320446
2023,기획재정부,일반 특별회계,일반·지방행정,060,재정·금융,062,세정 운영,관세청 운영,수출입 통관,기금,665316
2023,기획재정부,일반회계,일반·지방행정,060,재정·금융,062,세정 운영,관세청 운영,관세 징수,예산,893430
2023,인사혁신처,일반 특별회계,일반·지방행정,060,지방행정·재정지원,063,지방교부세,보통교부세,보통교부세 지원,기금,13352843
2023,인사혁신처,일반회계,일반·지방행정,060,지방행정·재정지원,063,지방교부세,보통교부세,교부세 산정,예산,18168465
2023,인사혁신처,일반 특별회계,일반·지방행정,060,지방행정·재정지원,063,지방교부세,특별교부세,재해대책 특교세,기금,5140659
2023,인사혁신처,일반회계,일반·지방행정,060,지방행정·재정지원,063,지방교부세,특별교부세,지역현안 특교세,예산,2739668
2023,법제처,일반 특별회계,일반·지방행정,060,지방행정·재정지원,063,균형발전 지원,국가균형발전특별회계,생활권 사업,기금,2376446
2023,법제처,일반회계,일반·지방행정,060,지방행정·재정지원,063,균형발전 지원,국가균형발전특별회계,지역 특화 발전,예산,6684465
2023,법제처,일반회계,일반·지방행정,060,지방행정·재정지원,063,균형발전 지원,국가균형발전특별회계,행복생활권,예산,2759580
2023,법제처,일반 특별회계,일반·지방행정,060,지방행정·재정지원,063,균형발전 지원,지방 재정 운영,지방재정 혁신,기금,2540590
2023,법제처,일반회계,일반·지방행정,060,지방행정·재정지원,063,균형발전 지원,지방 재정 운영,지방 자치 강화,예산,2525335
2023,행정안전부,일반 특별회계,일반·지방행정,060,정부자원관리,064,인사·조직 관리,공무원 인사관리,인사혁신 운영,기금,1700514
2023,행정안전부,일반회계,일반·지방행정,060,정부자원관리,064,인사·조직 관리,공무원 인사관리,공무원 교육,예산,607985
2023,행정안전부,일반회계,일반·지방행정,060,정부자원관리,064,인사·조직 관리,공무원 인사관리,성과관리,예산,1588366
2023,행정안전부,일반 특별회계,일반·지방행정,060,정부자원관리,064,인사·조직 관리,정부조직 운영,정부청사 관리,기금,1435772
2023,행정안전부,일반회계,일반·지방행정,060,정부자원관리,064,인사·조직 관리,정부조직 운영,국유재산 관리,예산,1162138
2023,기획재정부,일반 특별회계,일반·지방행정,060,정부자원관리,064,전자정부 구현,행정정보화,정부24 운영,기금,1067883
2023,기획재정부,일반회계,일반·지방행정,060,정부자원관리,064,전자정부 구현,행정정보화,행정정보 공동이용,예산,1136378
2023,기획재정부,일반회계,일반·지방행정,060,정부자원관리,064,전자정부 구현,행정정보화,전자문서 관리,예산,1692604
2023,기획재정부,일반 특별회계,일반·지방행정,060,정부자원관리,064,전자정부 구현,디지털 정부 혁신,마이데이터 구축,기금,674927
2023,기획재정부,일반회계,일반·지방행정,060,정부자원관리,064,전자정부 구현,디지털 정부 혁신,클라우드 전환,예산,871539
2023,기획재정부,일반회계,일반·지방행정,060,정부자원관리,064,전자정부 구현,디지털 정부 혁신,AI 행정서비스,예산,1051444
2023,소방청,공공질서 특별회계,공공질서·안전,070,경찰,071,생활안전 및 범죄예방,지역 경찰 운영,파출소·지구대 운영,기금,1120169
2023,소방청,일반회계,공공질서·안전,070,경찰,071,생활안전 및 범죄예방,지역 경찰 운영,순찰활동,예산,1003640
2023,소방청,일반회계,공공질서·안전,070,경찰,071,생활안전 및 범죄예방,지역 경찰 운영,범죄예방 활동,예산,897356
2023,소방청,공공질서 특별회계,공공질서·안전,070,경찰,071,생활안전 및 범죄예방,교통 관리,교통 단속,기금,932739
2023,소방청,일반회계,공공질서·안전,070,경찰,071,생활안전 및 범죄예방,교통 관리,교통 인프라 운영,예산,1081371
2023,해양경찰청,공공질서 특별회계,공공질서·안전,070,경찰,071,수사·형사,과학수사,과학수사 센터,기금,1219757
2023,해양경찰청,일반회계,공공질서·안전,070,경찰,071,수사·형사,과학수사,디지털 포렌식,예산,1297881
2023,해양경찰청,공공질서 특별회계,공공질서·안전,070,경찰,071,수사·형사,사이버 범죄 수사,사이버수사대,기금,1264376
2023,해양경찰청,일반회계,공공질서·안전,070,경찰,071,수사·형사,사이버 범죄 수사,해킹 대응,예산,1253262
2023,법무부,공공질서 특별회계,공공질서·안전,070,해경·소방,072,소방 서비스,소방력 확충,소방차 확충,기금,634959
2023,법무부,일반회계,공공질서·안전,070,해경·소방,072,소방 서비스,소방력 확충,소방관 증원,예산,757846
2023,법무부,일반회계,공공질서·안전,070,해경·소방,072,소방 서비스,소방력 확충,소방장비 현대화,예산,621305
2023,법무부,공공질서 특별회계,공공질서·안전,070,해경·소방,072,소방 서비스,119 구조·구급,구급대 운영,기금,927084
2023,법무부,일반회계,공공질서·안전,070,해경·소방,072,소방 서비스,119 구조·구급,구조대 운영,예산,489788
2023,법무부,일반회계,공공질서·안전,070,해경·소방,072,소방 서비스,119 구조·구급,항공 소방대,예산,597238
2023,경찰청,공공질서 특별회계,공공질서·안전,070,해경·소방,072,해양 안전,해상 경비,함정 운영,기금,564424
2023,경찰청,일반회계,공공질서·안전,070,해경·소방,072,해양 안전,해상 경비,항공기 운영,예산,587012
2023,경찰청,일반회계,공공질서·안전,070,해경·소방,072,해양 안전,해상 경비,연안 경비,예산,459852
2023,경찰청,공공질서 특별회계,공공질서·안전,070,해경·소방,072,해양 안전,해양 오염 방제,방제 장비 운영,기금,580009
2023,경찰청,일반회계,공공질서·안전,070,해경·소방,072,해양 안전,해양 오염 방제,해양오염 감시,예산,494183
2023,소방청,공공질서 특별회계,공공질서·안전,070,법원 및 헌재,073,사법 서비스,재판 운영,민사 재판,기금,1102627
2023,소방청,일반회계,공공질서·안전,070,법원 및 헌재,073,사법 서비스,재판 운영,형사 재판,예산,479627
2023,소방청,일반회계,공공질서·안전,070,법원 및 헌재,073,사법 서비스,재판 운영,행정 재판,예산,1159174
2023,소방청,공공질서 특별회계,공공질서·안전,070,법원 및 헌재,073,사법 서비스,사법지원 서비스,법원도서관,기금,429605
2023,소방청,일반회계,공공질서·안전,070,법원 및 헌재,073,사법 서비스,사법지원 서비스,전자소송 시스템,예산,745293
2023,해양경찰청,공공질서 특별회계,공공질서·안전,070,법원 및 헌재,073,검찰·교정,검찰 운영,공소유지,기금,368560
2023,해양경찰청,일반회계,공공질서·안전,070,법원 및 헌재,073,검찰·교정,검찰 운영,수사 활동,예산,470653
2023,해양경찰청,공공질서 특별회계,공공질서·안전,070,법원 및 헌재,073,검찰·교정,교정 시설,교정시설 운영,기금,560367
2023,해양경찰청,일반회계,공공질서·안전,070,법원 및 헌재,073,검찰·교정,교정 시설,수용자 처우 개선,예산,278846
2023,농림축산식품부,농림수산 특별회계,농림수산,080,농업·농촌,081,농업인 소득·경영 지원,농업인 직접직불,기본직불금,기금,1780489
2023,농림축산식품부,일반회계,농림수산,080,농업·농촌,081,농업인 소득·경영 지원,농업인 직접직불,선택직불금,예산,1542793
2023,농림축산식품부,농림수산 특별회계,농림수산,080,농업·농촌,081,농업인 소득·경영 지원,농업 재해 대응,농작물 재해보험,기금,494038
2023,농림축산식품부,일반회계,농림수산,080,농업·농촌,081,농업인 소득·경영 지원,농업 재해 대응,가축재해보험,예산,849823
2023,농림축산식품부,일반회계,농림수산,080,농업·농촌,081,농업인 소득·경영 지원,농업 재해 대응,재해복구 지원,예산,871660
2023,해양수산부,농림수산 특별회계,농림수산,080,농업·농촌,081,친환경·고품질 농업,친환경농업 지원,친환경인증 지원,기금,990866
2023,해양수산부,일반회계,농림수산,080,농업·농촌,081,친환경·고품질 농업,친환경농업 지원,유기농업 육성,예산,855402
2023,해양수산부,농림수산 특별회계,농림수산,080,농업·농촌,081,친환경·고품질 농업,스마트팜 보급,스마트팜 인프라,기금,1023861
2023,해양수산부,일반회계,농림수산,080,농업·농촌,081,친환경·고품질 농업,스마트팜 보급,스마트팜 혁신밸리,예산,822407
2023,농촌진흥청,농림수산 특별회계,농림수산,080,농업·농촌,081,농촌 개발,농촌 생활 인프라,농어촌도로 정비,기금,711792
2023,농촌진흥청,일반회계,농림수산,080,농업·농촌,081,농촌 개발,농촌 생활 인프라,마을상수도,예산,408017
2023,농촌진흥청,일반회계,농림수산,080,농업·농촌,081,농촌 개발,농촌 생활 인프라,오·폐수 처리,예산,726459
2023,농촌진흥청,농림수산 특별회계,농림수산,080,농업·농촌,081,농촌 개발,농촌 활력화,귀농·귀촌 지원,기금,597935
2023,농촌진흥청,일반회계,농림수산,080,농업·농촌,081,농촌 개발,농촌 활력화,농촌 관광,예산,632910
2023,산림청,농림수산 특별회계,농림수산,080,해양수산,082,수산업 육성,수산자원 관리,수산자원 조사,기금,533305
2023,산림청,일반회계,농림수산,080,해양수산,082,수산업 육성,수산자원 관리,어류 방류,예산,919918
2023,산림청,일반회계,농림수산,080,해양수산,082,수산업 육성,수산자원 관리,금어구역 관리,예산,560887
2023,산림청,농림수산 특별회계,농림수산,080,해양수산,082,수산업 육성,어업인 지원,어업인 직불금,기금,629803
2023,산림청,일반회계,농림수산,080,해양수산,082,수산업 육성,어업인 지원,어업재해보험,예산,551480
2023,산림청,일반회계,농림수산,080,해양수산,082,수산업 육성,어업인 지원,어선 현대화,예산,832827
2023,농림축산식품부,농림수산 특별회계,농림수산,080,해양수산,082,항만 개발,항만 건설,무역항 개발,기금,616460
2023,농림축산식품부,일반회계,농림수산,080,해양수산,082,항만 개발,항만 건설,어항 개발,예산,648973
2023,농림축산식품부,일반회계,농림수산,080,해양수산,082,항만 개발,항만 건설,마리나 개발,예산,345855
2023,농림축산식품부,농림수산 특별회계,농림수산,080,해양수산,082,항만 개발,항만 운영,항만 시설 유지,기금,531936
2023,농림축산식품부,일반회계,농림수산,080,해양수산,082,항만 개발,항만 운영,항만 안전 관리,예산,542256
2023,해양수산부,농림수산 특별회계,농림수산,080,산림,083,산림자원 조성,산림 조성,신규조림,기금,205574
2023,해양수산부,일반회계,농림수산,080,산림,083,산림자원 조성,산림 조성,숲가꾸기,예산,431488
2023,해양수산부,일반회계,농림수산,080,산림,083,산림자원 조성,산림 조성,경제림 조성,예산,202151
2023,해양수산부,농림수산 특별회계,농림수산,080,산림,083,산림자원 조성,산불 예방·진화,산불 감시,기금,294943
2023,해양수산부,일반회계,농림수산,080,산림,083,산림자원 조성,산불 예방·진화,산불 진화 인프라,예산,232174
2023,해양수산부,일반회계,농림수산,080,산림,083,산림자원 조성,산불 예방·진화,산불 재해 복구,예산,312096
2023,농촌진흥청,농림수산 특별회계,농림수산,080,산림,083,산림복지 서비스,국립공원 관리,국립공원 운영,기금,484250
2023,농촌진흥청,일반회계,농림수산,080,산림,083,산림복지 서비스,국립공원 관리,자연환경 보전,예산,354963
2023,농촌진흥청,농림수산 특별회계,농림수산,080,산림,083,산림복지 서비스,숲 복지 서비스,치유의숲 운영,기금,460036
2023,농촌진흥청,일반회계,농림수산,080,산림,083,산림복지 서비스,숲 복지 서비스,유아숲 체험원,예산,379177
2023,공정거래위원회,산업 특별회계,산업·중소기업·에너지,090,산업·중소기업 일반,091,중소기업 지원,중소기업 정책자금,시설자금 융자,기금,1668079
2023,공정거래위원회,일반회계,산업·중소기업·에너지,090,산업·중소기업 일반,091,중소기업 지원,중소기업 정책자금,운전자금 융자,예산,1294706
2023,공정거래위원회,산업 특별회계,산업·중소기업·에너지,090,산업·중소기업 일반,091,중소기업 지원,창업 지원,창업넷,기금,576564
2023,공정거래위원회,일반회계,산업·중소기업·에너지,090,산업·중소기업 일반,091,중소기업 지원,창업 지원,스타트업 육성,예산,784617
2023,공정거래위원회,일반회계,산업·중소기업·에너지,090,산업·중소기업 일반,091,중소기업 지원,창업 지원,창업보육센터,예산,1601604
2023,산업통상자원부,산업 특별회계,산업·중소기업·에너지,090,산업·중소기업 일반,091,산업구조 고도화,소재·부품·장비 경쟁력,소부장 핵심기술 개발,기금,1188154
2023,산업통상자원부,일반회계,산업·중소기업·에너지,090,산업·중소기업 일반,091,산업구조 고도화,소재·부품·장비 경쟁력,소부장 전문기업 육성,예산,1182074
2023,산업통상자원부,산업 특별회계,산업·중소기업·에너지,090,산업·중소기업 일반,091,산업구조 고도화,디지털 전환,스마트공장 보급,기금,820609
2023,산업통상자원부,일반회계,산업·중소기업·에너지,090,산업·중소기업 일반,091,산업구조 고도화,디지털 전환,AI·빅데이터 활용,예산,759543
2023,중소벤처기업부,산업 특별회계,산업·중소기업·에너지,090,에너지 및 자원개발,092,에너지 공급 안정,전력 공급,발전소 건설,기금,1118630
2023,중소벤처기업부,일반회계,산업·중소기업·에너지,090,에너지 및 자원개발,092,에너지 공급 안정,전력 공급,송배전 망 확충,예산,1239290
2023,중소벤처기업부,일반회계,산업·중소기업·에너지,090,에너지 및 자원개발,092,에너지 공급 안정,전력 공급,전력수급 관리,예산,1098663
2023,중소벤처기업부,산업 특별회계,산업·중소기업·에너지,090,에너지 및 자원개발,092,에너지 공급 안정,에너지 가격 안정,연료비 조정,기금,429511
2023,중소벤처기업부,일반회계,산업·중소기업·에너지,090,에너지 및 자원개발,092,에너지 공급 안정,에너지 가격 안정,취약계층 에너지 지원,예산,1051882
2023,공정거래위원회,산업 특별회계,산업·중소기업·에너지,090,에너지 및 자원개발,092,신재생에너지 보급,태양광·풍력 확대,태양광 보급 지원,기금,1137265
2023,공정거래위원회,일반회계,산업·중소기업·에너지,090,에너지 및 자원개발,092,신재생에너지 보급,태양광·풍력 확대,해상풍력 개발,예산,1825520
2023,공정거래위원회,산업 특별회계,산업·중소기업·에너지,090,에너지 및 자원개발,092,신재생에너지 보급,수소경제 육성,수소충전소 구축,기금,1062111
2023,공정거래위원회,일반회계,산업·중소기업·에너지,090,에너지 및 자원개발,092,신재생에너지 보급,수소경제 육성,연료전지 발전,예산,913079
2023,산업통상자원부,산업 특별회계,산업·중소기업·에너지,090,무역 및 투자유치,093,수출 지원,수출 마케팅,해외 전시회 참가,기금,474969
2023,산업통상자원부,일반회계,산업·중소기업·에너지,090,무역 및 투자유치,093,수출 지원,수출 마케팅,수출기업 지원,예산,1091828
2023,산업통상자원부,일반회계,산업·중소기업·에너지,090,무역 및 투자유치,093,수출 지원,수출 마케팅,K-브랜드 홍보,예산,972733
2023,산업통상자원부,산업 특별회계,산업·중소기업·에너지,090,무역 및 투자유치,093,수출 지원,무역금융 지원,수출보험,기금,1311552
2023,산업통상자원부,일반회계,산업·중소기업·에너지,090,무역 및 투자유치,093,수출 지원,무역금융 지원,수출입은행 지원,예산,1227978
2023,중소벤처기업부,산업 특별회계,산업·중소기업·에너지,090,무역 및 투자유치,093,외국인 투자유치,투자 환경 조성,규제자유특구,기금,675467
2023,중소벤처기업부,일반회계,산업·중소기업·에너지,090,무역 및 투자유치,093,외국인 투자유치,투자 환경 조성,경제자유구역 운영,예산,1017553
2023,중소벤처기업부,산업 특별회계,산업·중소기업·에너지,090,무역 및 투자유치,093,외국인 투자유치,외투기업 지원,현금지원,기금,611739
2023,중소벤처기업부,일반회계,산업·중소기업·에너지,090,무역 및 투자유치,093,외국인 투자유치,외투기업 지원,입지지원,예산,584100
2023,중소벤처기업부,일반회계,산업·중소기업·에너지,090,무역 및 투자유치,093,외국인 투자유치,외투기업 지원,세금혜택,예산,497181
2023,해양수산부,교통 특별회계,교통·물류,100,도로,101,고속도로 건설,고속도로 신설,수도권 고속도로,기금,1863819
2023,해양수산부,일반회계,교통·물류,100,도로,101,고속도로 건설,고속도로 신설,지방 고속도로,예산,1551411
2023,해양수산부,교통 특별회계,교통·물류,100,도로,101,고속도로 건설,고속도로 관리,도로 유지보수,기금,786270
2023,해양수산부,일반회계,교통·물류,100,도로,101,고속도로 건설,고속도로 관리,터널·교량 점검,예산,1490550
2023,국토교통부,교통 특별회계,교통·물류,100,도로,101,국도 건설,국도 건설,4차로 확장,기금,1425391
2023,국토교통부,일반회계,교통·물류,100,도로,101,국도 건설,국도 건설,안전시설 설치,예산,1420634
2023,국토교통부,교통 특별회계,교통·물류,100,도로,101,국도 건설,국도 유지관리,포장 보수,기금,1466942
2023,국토교통부,일반회계,교통·물류,100,도로,101,국도 건설,국도 유지관리,시설물 관리,예산,1379083
2023,해양수산부,교통 특별회계,교통·물류,100,철도,102,고속철도 건설,KTX 노선 확장,수도권광역급행철도,기금,1110577
2023,해양수산부,일반회계,교통·물류,100,철도,102,고속철도 건설,KTX 노선 확장,남부내륙철도,예산,896523
2023,해양수산부,일반회계,교통·물류,100,철도,102,고속철도 건설,KTX 노선 확장,동해선 복선,예산,1091905
2023,해양수산부,교통 특별회계,교통·물류,100,철도,102,고속철도 건설,도시철도 지원,광역철도 지원,기금,555873
2023,해양수산부,일반회계,교통·물류,100,철도,102,고속철도 건설,도시철도 지원,도심 지하철,예산,772272
2023,국토교통부,교통 특별회계,교통·물류,100,철도,102,철도 운영,철도 안전관리,신호시스템 개선,기금,1173880
2023,국토교통부,일반회계,교통·물류,100,철도,102,철도 운영,철도 안전관리,선로 유지보수,예산,1039695
2023,국토교통부,교통 특별회계,교통·물류,100,철도,102,철도 운영,대중교통 지원,저상버스 도입,기금,1198219
2023,국토교통부,일반회계,교통·물류,100,철도,102,철도 운영,대중교통 지원,대중교통 적자 보전,예산,1015356
2023,해양수산부,교통 특별회계,교통·물류,100,항공·공항,103,공항 건설,국제공항 확장,인천공항 확장,기금,1019821
2023,해양수산부,일반회계,교통·물류,100,항공·공항,103,공항 건설,국제공항 확장,김해신공항,예산,503371
2023,해양수산부,일반회계,교통·물류,100,항공·공항,103,공항 건설,국제공항 확장,제주 제2공항,예산,601840
2023,해양수산부,교통 특별회계,교통·물류,100,항공·공항,103,공항 건설,지방공항 운영,지방공항 시설,기금,548990
2023,해양수산부,일반회계,교통·물류,100,항공·공항,103,공항 건설,지방공항 운영,항공안전 관리,예산,361738
2023,국토교통부,교통 특별회계,교통·물류,100,항공·공항,103,항공 산업 육성,항공기 산업,항공MRO 육성,기금,526565
2023,국토교통부,일반회계,교통·물류,100,항공·공항,103,항공 산업 육성,항공기 산업,UAM 실증,예산,687739
2023,국토교통부,교통 특별회계,교통·물류,100,항공·공항,103,항공 산업 육성,항공안전 기반,항공안전 시스템,기금,533358
2023,국토교통부,일반회계,교통·물류,100,항공·공항,103,항공 산업 육성,항공안전 기반,항공보안 강화,예산,276178
2023,환경부,환경 특별회계,환경,110,상하수도·수질,111,상수도 공급,광역상수도 관리,정수장 운영,기금,701323
2023,환경부,일반회계,환경,110,상하수도·수질,111,상수도 공급,광역상수도 관리,광역관로 관리,예산,699797
2023,환경부,환경 특별회계,환경,110,상하수도·수질,111,상수도 공급,마을상수도,소규모 수도 지원,기금,499922
2023,환경부,일반회계,환경,110,상하수도·수질,111,상수도 공급,마을상수도,노후관 교체,예산,434158
2023,환경부,환경 특별회계,환경,110,상하수도·수질,111,하수처리 및 수질보전,하수처리 시설,하수처리장 건설,기금,910016
2023,환경부,일반회계,환경,110,상하수도·수질,111,하수처리 및 수질보전,하수처리 시설,하수관거 정비,예산,491104
2023,환경부,환경 특별회계,환경,110,상하수도·수질,111,하수처리 및 수질보전,수질 오염 방지,4대강 수질 관리,기금,488891
2023,환경부,일반회계,환경,110,상하수도·수질,111,하수처리 및 수질보전,수질 오염 방지,비점오염 저감,예산,445189
2023,환경부,환경 특별회계,환경,110,대기·기후·자연,112,기후변화 대응,탄소중립 이행,온실가스 감축,기금,593191
2023,환경부,일반회계,환경,110,대기·기후·자연,112,기후변화 대응,탄소중립 이행,배출권거래제 운영,예산,338356
2023,환경부,일반회계,환경,110,대기·기후·자연,112,기후변화 대응,탄소중립 이행,RE100 지원,예산,469573
2023,환경부,환경 특별회계,환경,110,대기·기후·자연,112,기후변화 대응,대기오염 관리,미세먼지 저감,기금,380241
2023,환경부,일반회계,환경,110,대기·기후·자연,112,기후변화 대응,대기오염 관리,사업장 배출 관리,예산,553839
2023,환경부,환경 특별회계,환경,110,대기·기후·자연,112,자연환경 보전,생태계 복원,습지 보전,기금,270131
2023,환경부,일반회계,환경,110,대기·기후·자연,112,자연환경 보전,생태계 복원,멸종위기종 보호,예산,336013
2023,환경부,일반회계,환경,110,대기·기후·자연,112,자연환경 보전,생태계 복원,도시생태축 복원,예산,561456
2023,환경부,환경 특별회계,환경,110,대기·기후·자연,112,자연환경 보전,자연환경조사,국토환경 DB 구축,기금,465027
2023,환경부,일반회계,환경,110,대기·기후·자연,112,자연환경 보전,자연환경조사,생물다양성 조사,예산,702573
2023,환경부,환경 특별회계,환경,110,폐기물관리,113,폐기물 처리,생활폐기물 처리,소각시설 건설,기금,308995
2023,환경부,일반회계,환경,110,폐기물관리,113,폐기물 처리,생활폐기물 처리,매립지 관리,예산,391565
2023,환경부,환경 특별회계,환경,110,폐기물관리,113,폐기물 처리,산업폐기물 관리,사업장 폐기물 감시,기금,352042
2023,환경부,일반회계,환경,110,폐기물관리,113,폐기물 처리,산업폐기물 관리,유해폐기물 처리,예산,348518
2023,환경부,환경 특별회계,환경,110,폐기물관리,113,재활용 촉진,재활용 인프라,선별시설 현대화,기금,343682
2023,환경부,일반회계,환경,110,폐기물관리,113,재활용 촉진,재활용 인프라,재활용 기술 개발,예산,216766
2023,환경부,환경 특별회계,환경,110,폐기물관리,113,재활용 촉진,자원 순환,플라스틱 감축,기금,113054
2023,환경부,일반회계,환경,110,폐기물관리,113,재활용 촉진,자원 순환,음식물쓰레기 자원화,예산,260578
2023,한국연구재단,과학기술 특별회계,과학기술,120,기초연구,121,기초과학 연구 지원,개인기초연구,우수연구자 지원,기금,649918
2023,한국연구재단,일반회계,과학기술,120,기초연구,121,기초과학 연구 지원,개인기초연구,신진연구자 지원,예산,362521
2023,한국연구재단,일반회계,과학기술,120,기초연구,121,기초과학 연구 지원,개인기초연구,기초연구실,예산,349761
2023,한국연구재단,과학기술 특별회계,과학기술,120,기초연구,121,기초과학 연구 지원,집단연구,선도연구센터,기금,558098
2023,한국연구재단,일반회계,과학기술,120,기초연구,121,기초과학 연구 지원,집단연구,기초과학연구원,예산,804102
2023,과학기술정보통신부,과학기술 특별회계,과학기술,120,기초연구,121,과학기술 인재 양성,이공계 인재 육성,이공계 장학금,기금,371451
2023,과학기술정보통신부,일반회계,과학기술,120,기초연구,121,과학기술 인재 양성,이공계 인재 육성,글로벌 석학 초청,예산,329109
2023,과학기술정보통신부,과학기술 특별회계,과학기술,120,기초연구,121,과학기술 인재 양성,과학문화 확산,과학관 운영,기금,192218
2023,과학기술정보통신부,일반회계,과학기술,120,기초연구,121,과학기술 인재 양성,과학문화 확산,과학 교육 콘텐츠,예산,274822
2023,한국연구재단,과학기술 특별회계,과학기술,120,미래원천기술개발,122,원천기술 확보,나노·소재 기술,나노기술 개발,기금,454663
2023,한국연구재단,일반회계,과학기술,120,미래원천기술개발,122,원천기술 확보,나노·소재 기술,첨단소재 개발,예산,362657
2023,한국연구재단,과학기술 특별회계,과학기술,120,미래원천기술개발,122,원천기술 확보,바이오·의료 기술,신약 개발,기금,301723
2023,한국연구재단,일반회계,과학기술,120,미래원천기술개발,122,원천기술 확보,바이오·의료 기술,의료기기 개발,예산,314052
2023,한국연구재단,일반회계,과학기술,120,미래원천기술개발,122,원천기술 확보,바이오·의료 기술,바이오헬스,예산,610205
2023,과학기술정보통신부,과학기술 특별회계,과학기술,120,미래원천기술개발,122,국가전략기술 육성,반도체 원천기술,반도체 기초연구,기금,215390
2023,과학기술정보통신부,일반회계,과학기술,120,미래원천기술개발,122,국가전략기술 육성,반도체 원천기술,차세대 반도체,예산,465710
2023,과학기술정보통신부,과학기술 특별회계,과학기술,120,미래원천기술개발,122,국가전략기술 육성,양자기술 개발,양자컴퓨팅,기금,330699
2023,과학기술정보통신부,일반회계,과학기술,120,미래원천기술개발,122,국가전략기술 육성,양자기술 개발,양자통신,예산,350401
2023,한국연구재단,과학기술 특별회계,과학기술,120,연구개발 환경 기반,123,연구 인프라 구축,대형 연구 시설,방사광가속기,기금,360403
2023,한국연구재단,일반회계,과학기술,120,연구개발 환경 기반,123,연구 인프라 구축,대형 연구 시설,중이온가속기 운영,예산,515297
2023,한국연구재단,과학기술 특별회계,과학기술,120,연구개발 환경 기반,123,연구 인프라 구축,연구데이터 플랫폼,국가슈퍼컴퓨팅,기금,271799
2023,한국연구재단,일반회계,과학기술,120,연구개발 환경 기반,123,연구 인프라 구축,연구데이터 플랫폼,연구데이터 공유,예산,312001
2023,과학기술정보통신부,과학기술 특별회계,과학기술,120,연구개발 환경 기반,123,기술사업화 지원,기술 이전·사업화,기술이전 촉진,기금,241791
2023,과학기술정보통신부,일반회계,과학기술,120,연구개발 환경 기반,123,기술사업화 지원,기술 이전·사업화,스핀오프 지원,예산,342009
2023,과학기술정보통신부,과학기술 특별회계,과학기술,120,연구개발 환경 기반,123,기술사업화 지원,특허·표준화,지식재산권 관리,기금,289250
2023,과학기술정보통신부,일반회계,과학기술,120,연구개발 환경 기반,123,기술사업화 지원,특허·표준화,국제표준 획득,예산,99950
2023,문화재청,문화 특별회계,문화·체육·관광,130,문화예술,131,문화예술 진흥,예술 창작 지원,예술인 복지,기금,412772
2023,문화재청,일반회계,문화·체육·관광,130,문화예술,131,문화예술 진흥,예술 창작 지원,문화예술 교육,예산,430087
2023,문화재청,일반회계,문화·체육·관광,130,문화예술,131,문화예술 진흥,예술 창작 지원,독립예술 지원,예산,339336
2023,문화재청,문화 특별회계,문화·체육·관광,130,문화예술,131,문화예술 진흥,문화시설 운영,국립극장,기금,318567
2023,문화재청,일반회계,문화·체육·관광,130,문화예술,131,문화예술 진흥,문화시설 운영,국립현대미술관,예산,277555
2023,문화재청,일반회계,문화·체육·관광,130,문화예술,131,문화예술 진흥,문화시설 운영,국립중앙도서관,예산,586073
2023,문화체육관광부,문화 특별회계,문화·체육·관광,130,문화예술,131,문화재 보존,국가유산 관리,문화재 보수·정비,기금,259901
2023,문화체육관광부,일반회계,문화·체육·관광,130,문화예술,131,문화재 보존,국가유산 관리,매장문화재 발굴,예산,685855
2023,문화체육관광부,문화 특별회계,문화·체육·관광,130,문화예술,131,문화재 보존,궁궐·유네스코 관리,궁궐 관리,기금,305059
2023,문화체육관광부,일반회계,문화·체육·관광,130,문화예술,131,문화재 보존,궁궐·유네스코 관리,세계문화유산 보존,예산,325445
2023,문화재청,문화 특별회계,문화·체육·관광,130,체육,132,생활체육 활성화,체육시설 확충,공공체육시설 건설,기금,351187
2023,문화재청,일반회계,문화·체육·관광,130,체육,132,생활체육 활성화,체육시설 확충,노인체육시설 지원,예산,305588
2023,문화재청,문화 특별회계,문화·체육·관광,130,체육,132,생활체육 활성화,스포츠 강좌 이용권,스포츠강좌이용권,기금,274711
2023,문화재청,일반회계,문화·체육·관광,130,체육,132,생활체육 활성화,스포츠 강좌 이용권,스포츠클럽 지원,예산,163139
2023,문화체육관광부,문화 특별회계,문화·체육·관광,130,체육,132,엘리트 스포츠,국가대표 육성,국가대표 훈련,기금,249899
2023,문화체육관광부,일반회계,문화·체육·관광,130,체육,132,엘리트 스포츠,국가대표 육성,태릉선수촌 운영,예산,516339
2023,문화체육관광부,문화 특별회계,문화·체육·관광,130,체육,132,엘리트 스포츠,국제대회 유치,올림픽 준비,기금,130487
2023,문화체육관광부,일반회계,문화·체육·관광,130,체육,132,엘리트 스포츠,국제대회 유치,아시안게임 지원,예산,197901
2023,문화재청,문화 특별회계,문화·체육·관광,130,관광,133,관광 산업 육성,외래 관광객 유치,해외 관광 홍보,기금,301964
2023,문화재청,일반회계,문화·체육·관광,130,관광,133,관광 산업 육성,외래 관광객 유치,K-콘텐츠 연계 관광,예산,486166
2023,문화재청,문화 특별회계,문화·체육·관광,130,관광,133,관광 산업 육성,국내 관광 활성화,지역 관광 개발,기금,553119
2023,문화재청,일반회계,문화·체육·관광,130,관광,133,관광 산업 육성,국내 관광 활성화,관광 인프라 지원,예산,235011
2023,문화체육관광부,문화 특별회계,문화·체육·관광,130,관광,133,한류 콘텐츠 진흥,콘텐츠 제작 지원,드라마·영화 지원,기금,256177
2023,문화체육관광부,일반회계,문화·체육·관광,130,관광,133,한류 콘텐츠 진흥,콘텐츠 제작 지원,게임·웹툰 육성,예산,183677
2023,문화체육관광부,일반회계,문화·체육·관광,130,관광,133,한류 콘텐츠 진흥,콘텐츠 제작 지원,K-POP 지원,예산,190650
2023,문화체육관광부,문화 특별회계,문화·체육·관광,130,관광,133,한류 콘텐츠 진흥,한류 확산,해외문화원 운영,기금,241886
2023,문화체육관광부,일반회계,문화·체육·관광,130,관광,133,한류 콘텐츠 진흥,한류 확산,세계한국어교육,예산,178450
2023,질병관리청,보건 기금,보건,140,건강보험,141,건강보험 지원,건강보험 국고지원,직장가입자 지원,기금,3792191
2023,질병관리청,일반회계,보건,140,건강보험,141,건강보험 지원,건강보험 국고지원,지역가입자 지원,예산,2030241
2023,질병관리청,보건 기금,보건,140,건강보험,141,건강보험 지원,의료급여 관리,의료급여비 지급,기금,779840
2023,질병관리청,일반회계,보건,140,건강보험,141,건강보험 지원,의료급여 관리,의료급여 심사,예산,675768
2023,보건복지부,보건 기금,보건,140,건강보험,141,건강보험 적용 확대,비급여 급여화,MRI 급여화,기금,546248
2023,보건복지부,일반회계,보건,140,건강보험,141,건강보험 적용 확대,비급여 급여화,초음파 급여화,예산,545458
2023,보건복지부,보건 기금,보건,140,건강보험,141,건강보험 적용 확대,치매 국가책임,치매검진 지원,기금,365236
2023,보건복지부,일반회계,보건,140,건강보험,141,건강보험 적용 확대,치매 국가책임,치매치료관리비,예산,362568
2023,식품의약품안전처,보건 기금,보건,140,식품·의약품 안전,142,식품 안전 관리,식품 검사·인증,식품 안전성 검사,기금,508090
2023,식품의약품안전처,일반회계,보건,140,식품·의약품 안전,142,식품 안전 관리,식품 검사·인증,수입식품 검역,예산,484370
2023,식품의약품안전처,보건 기금,보건,140,식품·의약품 안전,142,식품 안전 관리,식품 위해 예방,식품위해정보 수집,기금,328248
2023,식품의약품안전처,일반회계,보건,140,식품·의약품 안전,142,식품 안전 관리,식품 위해 예방,식중독 예방,예산,333392
2023,질병관리청,보건 기금,보건,140,식품·의약품 안전,142,의약품 안전 관리,의약품 허가·심사,신약 허가,기금,639598
2023,질병관리청,일반회계,보건,140,식품·의약품 안전,142,의약품 안전 관리,의약품 허가·심사,제네릭 허가 관리,예산,352862
2023,질병관리청,보건 기금,보건,140,식품·의약품 안전,142,의약품 안전 관리,의료기기 안전,의료기기 허가,기금,321112
2023,질병관리청,일반회계,보건,140,식품·의약품 안전,142,의약품 안전 관리,의료기기 안전,임상시험 관리,예산,340528
2023,보건복지부,보건 기금,보건,140,질병 예방·관리,143,감염병 예방,예방접종 지원,어린이 무료 예방접종,기금,539904
2023,보건복지부,일반회계,보건,140,질병 예방·관리,143,감염병 예방,예방접종 지원,인플루엔자 접종,예산,700671
2023,보건복지부,보건 기금,보건,140,질병 예방·관리,143,감염병 예방,감염병 대응,감염병 감시,기금,514574
2023,보건복지부,일반회계,보건,140,질병 예방·관리,143,감염병 예방,감염병 대응,검역 체계,예산,400008
2023,보건복지부,일반회계,보건,140,질병 예방·관리,143,감염병 예방,감염병 대응,백신 비축,예산,325993
2023,식품의약품안전처,보건 기금,보건,140,질병 예방·관리,143,만성질환 예방,암 검진 지원,국가암 검진,기금,467007
2023,식품의약품안전처,일반회계,보건,140,질병 예방·관리,143,만성질환 예방,암 검진 지원,암 조기 진단,예산,525453
2023,식품의약품안전처,보건 기금,보건,140,질병 예방·관리,143,만성질환 예방,정신건강 증진,정신건강복지센터,기금,468335
2023,식품의약품안전처,일반회계,보건,140,질병 예방·관리,143,만성질환 예방,정신건강 증진,자살예방 사업,예산,193305
2023,국가정보원,외교 특별회계,외교·통일,150,외교,151,외교 활동,재외공관 운영,대사관 운영,기금,438101
2023,국가정보원,일반회계,외교·통일,150,외교,151,외교 활동,재외공관 운영,영사서비스,예산,370740
2023,국가정보원,일반회계,외교·통일,150,외교,151,외교 활동,재외공관 운영,재외국민 보호,예산,347083
2023,국가정보원,외교 특별회계,외교·통일,150,외교,151,외교 활동,국제협력 ODA,무상원조 (KOICA),기금,279522
2023,국가정보원,일반회계,외교·통일,150,외교,151,외교 활동,국제협력 ODA,유상원조 (EDCF),예산,491094
2023,외교부,외교 특별회계,외교·통일,150,외교,151,국제기구 기여,유엔 분담금,유엔 일반예산,기금,382003
2023,외교부,일반회계,외교·통일,150,외교,151,국제기구 기여,유엔 분담금,유엔 PKO 분담금,예산,260177
2023,외교부,외교 특별회계,외교·통일,150,외교,151,국제기구 기여,국제기구 기여금,WHO 기여금,기금,221367
2023,외교부,일반회계,외교·통일,150,외교,151,국제기구 기여,국제기구 기여금,OECD 기여금,예산,260804
2023,외교부,일반회계,외교·통일,150,외교,151,국제기구 기여,국제기구 기여금,기후기금,예산,160009
2023,통일부,외교 특별회계,외교·통일,150,통일,152,남북교류 협력,남북협력기금,인도적 지원,기금,396990
2023,통일부,일반회계,외교·통일,150,통일,152,남북교류 협력,남북협력기금,이산가족 상봉,예산,249024
2023,통일부,일반회계,외교·통일,150,통일,152,남북교류 협력,남북협력기금,교류협력 사업,예산,273471
2023,통일부,외교 특별회계,외교·통일,150,통일,152,남북교류 협력,대북 지원,식량 지원,기금,138088
2023,통일부,일반회계,외교·통일,150,통일,152,남북교류 협력,대북 지원,영유아 지원,예산,88452
2023,통일부,일반회계,외교·통일,150,통일,152,남북교류 협력,대북 지원,보건의료 지원,예산,167525
2023,국가정보원,외교 특별회계,외교·통일,150,통일,152,북한이탈주민 정착,하나원 운영,초기 정착 지원,기금,221080
2023,국가정보원,일반회계,외교·통일,150,통일,152,북한이탈주민 정착,하나원 운영,직업훈련 교육,예산,304340
2023,국가정보원,외교 특별회계,외교·통일,150,통일,152,북한이탈주민 정착,이탈주민 지원,정착지원금,기금,320738
2023,국가정보원,일반회계,외교·통일,150,통일,152,북한이탈주민 정착,이탈주민 지원,취업지원,예산,243973
2023,국가정보원,일반회계,외교·통일,150,통일,152,북한이탈주민 정착,이탈주민 지원,심리상담 지원,예산,223419
2023,과학기술정보통신부,통신 특별회계,통신,160,정보통신,161,디지털 인프라 구축,5G 네트워크 확산,5G 농어촌 커버리지,기금,204194
2023,과학기술정보통신부,일반회계,통신,160,정보통신,161,디지털 인프라 구축,5G 네트워크 확산,5G 공공망 구축,예산,204466
2023,과학기술정보통신부,통신 특별회계,통신,160,정보통신,161,디지털 인프라 구축,초고속통신망 고도화,기가인터넷 보급,기금,215834
2023,과학기술정보통신부,일반회계,통신,160,정보통신,161,디지털 인프라 구축,초고속통신망 고도화,와이파이 6 전환,예산,192826
2023,과학기술정보통신부,통신 특별회계,통신,160,정보통신,161,방송·통신 규제,전파 관리,주파수 배분,기금,182671
2023,과학기술정보통신부,일반회계,통신,160,정보통신,161,방송·통신 규제,전파 관리,전파 모니터링,예산,144257
2023,과학기술정보통신부,통신 특별회계,통신,160,정보통신,161,방송·통신 규제,방송 지원,공익채널 지원,기금,151296
2023,과학기술정보통신부,일반회계,통신,160,정보통신,161,방송·통신 규제,방송 지원,지역방송 지원,예산,66656
2023,과학기술정보통신부,통신 특별회계,통신,160,우편·집배,162,우편 서비스,우편물 처리,우편집중국 운영,기금,140797
2023,과학기술정보통신부,일반회계,통신,160,우편·집배,162,우편 서비스,우편물 처리,우편집배원 운영,예산,139427
2023,과학기술정보통신부,통신 특별회계,통신,160,우편·집배,162,우편 서비스,우편 물류 혁신,스마트 물류센터,기금,86027
2023,과학기술정보통신부,일반회계,통신,160,우편·집배,162,우편 서비스,우편 물류 혁신,드론 배송 실증,예산,100789
2023,과학기술정보통신부,통신 특별회계,통신,160,우편·집배,162,금융·보험 서비스,우체국 금융,우체국 예금,기금,70310
2023,과학기술정보통신부,일반회계,통신,160,우편·집배,162,금융·보험 서비스,우체국 금융,우체국 보험,예산,46450
2023,행정안전부,국토 특별회계,국토·지역개발,170,국토개발,171,국토계획 수립,국토 공간계획,국토종합계획,기금,126018
2023,행정안전부,일반회계,국토·지역개발,170,국토개발,171,국토계획 수립,국토 공간계획,수도권 계획,예산,224262
2023,행정안전부,국토 특별회계,국토·지역개발,170,국토개발,171,국토계획 수립,도시계획 지원,도시기본계획 지원,기금,102108
2023,행정안전부,일반회계,국토·지역개발,170,국토개발,171,국토계획 수립,도시계획 지원,공간정보 구축,예산,131412
2023,국토교통부,국토 특별회계,국토·지역개발,170,국토개발,171,도시재생 뉴딜,도시재생 사업,주거지원형 재생,기금,258706
2023,국토교통부,일반회계,국토·지역개발,170,국토개발,171,도시재생 뉴딜,도시재생 사업,일반 근린형 재생,예산,133434
2023,국토교통부,일반회계,국토·지역개발,170,국토개발,171,도시재생 뉴딜,도시재생 사업,중심시가지형 재생,예산,220850
2023,국토교통부,국토 특별회계,국토·지역개발,170,국토개발,171,도시재생 뉴딜,스마트 도시 조성,스마트시티 실증,기금,126203
2023,국토교통부,일반회계,국토·지역개발,170,국토개발,171,도시재생 뉴딜,스마트 도시 조성,디지털 트윈 도시,예산,136507
2023,행정안전부,국토 특별회계,국토·지역개발,170,지역개발,172,지역 특화 발전,지역혁신체계 구축,지역혁신클러스터,기금,235788
2023,행정안전부,일반회계,국토·지역개발,170,지역개발,172,지역 특화 발전,지역혁신체계 구축,지역SW산업 육성,예산,202062
2023,행정안전부,국토 특별회계,국토·지역개발,170,지역개발,172,지역 특화 발전,균형발전 프로젝트,혁신도시 조성,기금,257798
2023,행정안전부,일반회계,국토·지역개발,170,지역개발,172,지역 특화 발전,균형발전 프로젝트,기업도시 개발,예산,180052
2023,국토교통부,국토 특별회계,국토·지역개발,170,지역개발,172,농어촌 지역 개발,농촌중심지 활성화,농촌중심지 활성화,기금,170000
2023,국토교통부,일반회계,국토·지역개발,170,지역개발,172,농어촌 지역 개발,농촌중심지 활성화,기초생활거점 육성,예산,121900
2023,국토교통부,국토 특별회계,국토·지역개발,170,지역개발,172,농어촌 지역 개발,섬 지역 지원,도서종합개발,기금,153708
2023,국토교통부,일반회계,국토·지역개발,170,지역개발,172,농어촌 지역 개발,섬 지역 지원,낙도 생활 지원,예산,138192
2023,교육부,R&D 특별회계,R&D,180,기초·원천연구,181,기초연구 지원,기초과학 지원,개인 기초연구,기금,709371
2023,교육부,일반회계,R&D,180,기초·원천연구,181,기초연구 지원,기초과학 지원,집단 기초연구,예산,989515
2023,교육부,일반회계,R&D,180,기초·원천연구,181,기초연구 지원,기초과학 지원,IBS 연구,예산,1366064
2023,교육부,R&D 특별회계,R&D,180,기초·원천연구,181,기초연구 지원,원천기술 연구,원천기술 확보,기금,1870046
2023,교육부,일반회계,R&D,180,기초·원천연구,181,기초연구 지원,원천기술 연구,선도연구 지원,예산,1194904
2023,과학기술정보통신부,R&D 특별회계,R&D,180,기초·원천연구,181,글로벌 연구 협력,국제 공동연구,글로벌연구실,기금,1264371
2023,과학기술정보통신부,일반회계,R&D,180,기초·원천연구,181,글로벌 연구 협력,국제 공동연구,해외우수연구기관 유치,예산,1187589
2023,과학기술정보통신부,R&D 특별회계,R&D,180,기초·원천연구,181,글로벌 연구 협력,연구자 해외 파견,박사후연구원 지원,기금,708642
2023,과학기술정보통신부,일반회계,R&D,180,기초·원천연구,181,글로벌 연구 협력,연구자 해외 파견,해외연수,예산,925998
2023,산업통상자원부,R&D 특별회계,R&D,180,응용·개발연구,182,산업기술 개발,반도체·디스플레이,반도체 공정 개발,기금,621117
2023,산업통상자원부,일반회계,R&D,180,응용·개발연구,182,산업기술 개발,반도체·디스플레이,OLED 기술,예산,881125
2023,산업통상자원부,일반회계,R&D,180,응용·개발연구,182,산업기술 개발,반도체·디스플레이,차세대 메모리,예산,949718
2023,산업통상자원부,R&D 특별회계,R&D,180,응용·개발연구,182,산업기술 개발,배터리·이차전지,전고체 배터리,기금,1079979
2023,산업통상자원부,일반회계,R&D,180,응용·개발연구,182,산업기술 개발,배터리·이차전지,배터리 재활용,예산,1021701
2023,산업통상자원부,R&D 특별회계,R&D,180,응용·개발연구,182,산업기술 개발,AI·소프트웨어,AI 핵심기술,기금,616783
2023,산업통상자원부,일반회계,R&D,180,응용·개발연구,182,산업기술 개발,AI·소프트웨어,클라우드 인프라,예산,864085
2023,산업통상자원부,일반회계,R&D,180,응용·개발연구,182,산업기술 개발,AI·소프트웨어,빅데이터 분석,예산,971092
2023,국방부,R&D 특별회계,R&D,180,응용·개발연구,182,바이오·헬스 R&D,신약 개발,항암제 개발,기금,690738
2023,국방부,일반회계,R&D,180,응용·개발연구,182,바이오·헬스 R&D,신약 개발,희귀질환 치료제,예산,1644462
2023,국방부,R&D 특별회계,R&D,180,응용·개발연구,182,바이오·헬스 R&D,의료기기 혁신,디지털 치료기기,기금,1247974
2023,국방부,일반회계,R&D,180,응용·개발연구,182,바이오·헬스 R&D,의료기기 혁신,AI 진단기기,예산,1087226
2023,교육부,R&D 특별회계,R&D,180,국방 R&D,183,핵심기술 연구,무기체계 개발,지능형 무기체계,기금,783867
2023,교육부,일반회계,R&D,180,국방 R&D,183,핵심기술 연구,무기체계 개발,극초음속 기술,예산,622654
2023,교육부,일반회계,R&D,180,국방 R&D,183,핵심기술 연구,무기체계 개발,드론봇 전투체계,예산,782729
2023,교육부,R&D 특별회계,R&D,180,국방 R&D,183,핵심기술 연구,국방 사이버보안,사이버방어 기술,기금,477132
2023,교육부,일반회계,R&D,180,국방 R&D,183,핵심기술 연구,국방 사이버보안,보안 AI,예산,982368
2023,과학기술정보통신부,R&D 특별회계,R&D,180,국방 R&D,183,민군협력 기술,민군 겸용기술,항공우주 기술,기금,1047339
2023,과학기술정보통신부,일반회계,R&D,180,국방 R&D,183,민군협력 기술,민군 겸용기술,해양기술,예산,1141911
2023,과학기술정보통신부,R&D 특별회계,R&D,180,국방 R&D,183,민군협력 기술,방산 수출 지원,방산수출 기술협력,기금,931425
2023,과학기술정보통신부,일반회계,R&D,180,국방 R&D,183,민군협력 기술,방산 수출 지원,해외 방산 마케팅,예산,528075